timestamp,opt_distance,opt_time,opt_load,opt_returns,opt_visited,opt_path,trad_distance,trad_time,trad_load,trad_returns,trad_visited,trad_path,delta_distance,delta_time,delta_load,delta_returns
2026-09-03T04:17:07,177.31,179.3,5.1,1,6,0-2-6-5-0-12-3-1-0,260.05,253.5,9.32,1,12,0-1-3-9-10-12-11-0-2-5-6-7-8-4-0,82.74,74.2,4.22,0
2026-09-03T04:19:57,227.94,214.6,8.49,1,9,0-1-9-11-10-0-4-8-7-6-5-0,354.11,325.0,10.69,2,12,0-1-3-9-10-12-0-11-2-5-6-7-0-8-4-0,126.17,110.4,2.2,1
2026-09-03T04:28:29,170.88,150.3,3.81,0,4,0-2-8-12-3-0,260.05,253.5,9.43,1,12,0-1-3-9-10-12-11-0-2-5-6-7-8-4-0,89.17,103.2,5.62,1
2026-09-03T04:29:30,227.11,207.2,7.86,1,8,0-4-7-6-5-0-9-11-10-1-0,260.05,253.5,9.28,1,12,0-1-3-9-10-12-11-0-2-5-6-7-8-4-0,32.94,46.3,1.42,0
2026-09-03T04:30:14,201.4,195.5,6.47,1,7,0-8-7-5-0-3-12-11-2-0,354.11,325.0,10.2,2,12,0-1-3-9-10-12-0-11-2-5-6-7-0-8-4-0,152.71,129.5,3.73,1
2026-09-03T04:32:27,200.52,210.1,8.42,1,9,0-9-12-10-3-1-0-2-6-8-4-0,354.11,325.0,10.74,2,12,0-1-3-9-10-12-0-11-2-5-6-7-0-8-4-0,153.59,114.9,2.32,1
2026-09-03T04:33:34,173.46,159.0,4.65,0,5,0-11-2-8-7-5-0,307.31,290.1,9.67,2,12,0-1-3-9-10-12-11-0-2-5-6-7-8-0-4-0,133.85,131.1,5.02,2
2026-09-03T04:34:29,173.1,174.6,7.0,1,7,0-6-4-0-9-12-10-3-1-0,343.72,314.8,10.35,2,12,0-1-3-9-10-12-0-11-2-5-6-7-8-0-4-0,170.62,140.2,3.35,1
2026-09-03T04:35:32,173.46,159.0,5.0,0,5,0-11-2-8-7-5-0,307.31,290.1,9.38,2,12,0-1-3-9-10-12-11-0-2-5-6-7-8-0-4-0,133.85,131.1,4.38,2
2026-09-03T04:37:33,173.1,174.6,6.93,1,7,0-6-4-0-9-12-10-3-1-0,296.46,278.2,9.44,1,12,0-1-3-9-10-12-0-11-2-5-6-7-8-4-0,123.36,103.6,2.51,0
2026-09-03T05:17:15,180.54,167.6,4.42,0,5,0-3-12-11-2-6-0,260.05,253.5,9.12,1,12,0-1-3-9-10-12-11-0-2-5-6-7-8-4-0,79.51,85.9,4.7,1
2026-09-07T01:29:56,231.85,244.8,9.23,1,10,0-3-9-12-11-2-0-1-4-8-6-5-0,354.11,325.0,10.77,2,12,0-1-3-9-10-12-0-11-2-5-6-7-0-8-4-0,122.26,80.2,1.54,1
2026-09-07T01:31:01,152.38,151.2,4.55,0,5,0-9-3-4-8-2-0,307.31,290.1,9.94,2,12,0-1-3-9-10-12-11-0-2-5-6-7-8-0-4-0,154.93,138.9,5.39,2
2026-09-07T01:41:18,247.75,263.4,10.92,2,11,0-1-0-5-6-7-8-4-0-3-9-12-11-2-0,354.11,325.0,11.76,2,12,0-1-3-9-10-12-0-11-2-5-6-7-0-8-4-0,106.36,61.6,0.84,0
2026-09-07T01:42:00,230.45,242.9,9.63,1,10,0-2-11-12-10-9-0-1-4-8-7-6-0,354.11,325.0,11.31,2,12,0-1-3-9-10-12-0-11-2-5-6-7-0-8-4-0,123.66,82.1,1.68,1
2026-09-07T01:42:22,46.0,42.8,0.84,0,1,0-5-0,211.48,222.9,1.68,0,12,0-1-3-9-10-12-11-2-5-6-7-8-4-0,165.48,180.1,0.84,0
2026-09-07T02:06:13,263.94,272.4,12.0,2,12,0-2-11-12-10-9-0-1-3-0-5-6-7-8-4-0,354.11,325.0,12.0,2,12,0-1-3-9-10-12-0-11-2-5-6-7-0-8-4-0,90.17,52.6,0.0,0
2026-09-07T02:34:07,264.2,276.6,12.0,2,12,0-2-11-12-10-9-0-4-8-7-6-5-0-1-3-0,354.11,325.0,12.0,2,12,0-1-3-9-10-12-0-11-2-5-6-7-0-8-4-0,89.91,48.4,0.0,0
2026-09-07T02:38:08,263.94,272.4,12.0,2,12,0-2-11-12-10-9-0-1-3-0-5-6-7-8-4-0,354.11,325.0,12.0,2,12,0-1-3-9-10-12-0-11-2-5-6-7-0-8-4-0,90.17,52.6,0.0,0
2026-09-07T11:29:18,0,0,0,0,0,0-0,211.48,222.9,2.99,0,12,0-1-3-9-10-12-11-2-5-6-7-8-4-0,211.48,222.9,2.99,0
2026-09-07T11:29:19,0,0,0,0,0,0-0,263.25,266.7,6.52,1,12,0-1-3-9-10-12-11-2-5-6-0-7-8-4-0,263.25,266.7,6.52,1
2026-09-07T11:29:20,0,0,0,0,0,0-0,263.25,266.7,6.52,1,12,0-1-3-9-10-12-11-2-5-6-0-7-8-4-0,263.25,266.7,6.52,1
2026-09-07T11:29:20,0,0,0,0,0,0-0,263.25,266.7,6.52,1,12,0-1-3-9-10-12-11-2-5-6-0-7-8-4-0,263.25,266.7,6.52,1
2026-09-07T11:29:20,0,0,0,0,0,0-0,263.25,266.7,6.52,1,12,0-1-3-9-10-12-11-2-5-6-0-7-8-4-0,263.25,266.7,6.52,1
2026-09-07T11:29:20,0,0,0,0,0,0-0,263.25,266.7,6.52,1,12,0-1-3-9-10-12-11-2-5-6-0-7-8-4-0,263.25,266.7,6.52,1
2026-09-07T11:29:20,0,0,0,0,0,0-0,263.25,266.7,6.52,1,12,0-1-3-9-10-12-11-2-5-6-0-7-8-4-0,263.25,266.7,6.52,1
2026-09-07T11:29:20,0,0,0,0,0,0-0,263.25,266.7,6.52,1,12,0-1-3-9-10-12-11-2-5-6-0-7-8-4-0,263.25,266.7,6.52,1
2026-09-07T11:29:25,263.94,272.4,12.0,2,12,0-2-11-12-10-9-0-5-6-7-8-4-0-1-3-0,354.11,325.0,12.0,2,12,0-1-3-9-10-12-0-11-2-5-6-7-0-8-4-0,90.17,52.6,0.0,0
2026-09-07T11:30:09,263.94,272.4,11.83,2,12,0-2-11-12-10-9-0-5-6-7-8-4-0-1-3-0,354.11,325.0,11.83,2,12,0-1-3-9-10-12-0-11-2-5-6-7-0-8-4-0,90.17,52.6,0.0,0
2026-09-14T05:05:55,263.94,272.4,12.0,2,12,0-2-11-12-10-9-0-5-6-7-8-4-0-1-3-0,354.11,325.0,12.0,2,12,0-1-3-9-10-12-0-11-2-5-6-7-0-8-4-0,90.17,52.6,0.0,0
2026-09-14T05:06:28,263.94,272.4,12.0,2,12,0-1-3-0-2-11-12-10-9-0-5-6-7-8-4-0,354.11,325.0,12.0,2,12,0-1-3-9-10-12-0-11-2-5-6-7-0-8-4-0,90.17,52.6,0.0,0
2026-09-14T05:07:11,263.94,272.4,11.7,2,12,0-1-3-0-5-6-7-8-4-0-2-11-12-10-9-0,354.11,325.0,11.7,2,12,0-1-3-9-10-12-0-11-2-5-6-7-0-8-4-0,90.17,52.6,0.0,0
2026-09-14T05:07:20,0,0,0,0,0,0-0,256.56,262.7,7.43,1,12,0-1-3-9-10-12-11-2-5-0-6-7-8-4-0,256.56,262.7,7.43,1
2026-09-14T05:07:29,263.02,268.3,10.0,2,11,0-2-11-12-10-9-0-5-6-7-4-0-1-3-0,354.11,325.0,10.77,2,12,0-1-3-9-10-12-0-11-2-5-6-7-0-8-4-0,91.09,56.7,0.77,0
